run_count_cfam_k9_healthy_2_rngr7	H_1
run_count_cfam_k9_healthy_3_rngr7	H_2
run_count_cfam_k9_healthy_4_rngr7	H_3
run_count_cfam_k9_healthy_5_rngr7	H_4
run_count_cfam_k9_healthy_6_rngr7	H_5
run_count_cfam_k9_healthy_7_rngr7	H_6
run_count_cfam_k9_healthy_8_rngr7	H_7
run_count_osa_PBMC_1	OS_1
run_count_OSA_PBMC_2	OS_2
run_count_k9_PBMC_OSA_3	OS_3
run_count_osa_PBMC_4	OS_4
run_count_osa_pbmc_5	OS_5
run_count_pbmc_tp1_pt1	OS_6
run_count_pbmc_tp1_pt2	OS_7
run_count_pbmc_tp1_pt3	OS_8
run_count_pbmc_tp1_pt4	OS_9
run_count_pbmc_tp1_pt5	OS_10
